0,1
-113.96539843668486,459.71053098437756
46.49436873255385,-303.6663051318947
261.9422665156613,415.91086802730945
119.7352271751418,477.33953825198176
-7.0,50.0
-55.17982322952295,-113.84358923553822
271.5606869768769,54.26448349574925
-289.8309552583054,-428.13575655384494
197.3341194747871,452.4161419350388
480.0,-383.0
-27.46606049006511,513.8013686122131
412.58854310472094,220.6252549949658
-67.42451219848672,-90.3448648576164
245.0,-583.0
483.9298636608624,0.025821857141429483
-261.234878492147,118.3138866879813
392.53962108832735,-272.0598872576033
3.438922701709963,278.15603285744277
187.8716258721391,-486.29652905249037
214.92768885630633,-236.24549937754546
-172.2832199828979,207.96895903528298
-269.84335680907776,-137.46073835168292
173.64670240149974,-249.8379419882885
-234.9708329340077,-200.6735667061449
-317.9182520671785,-66.79948172772976
259.7141701847156,-215.79180962720662
443.3117273075147,215.25724494112765
-411.7289853536329,252.54616718741624
150.0,263.0
-59.287610835809716,48.7879667256729
285.38780522270827,-19.611048086690367
-398.70844362508745,279.8178062798238
-159.0,-346.0
84.28378736305854,-12.542403284472227
-125.27557103647834,0.6814438568175198
-399.74339676833233,-348.570701385304
469.30292220503173,-89.20996858230112
-92.6709378232661,-300.2843811088511
-599.0,68.0
250.7056293659107,413.45086781100815
-336.9344727705325,379.57304524678375
400.5440360218346,259.94068777529026
-355.63126430967964,332.22961006515004
116.99357110600116,-10.31050740764331
242.82710643762198,396.4975507298458
-179.0,-101.0
488.47232887916437,41.08440012722458
-521.8197640862273,-75.99695867137754
-146.2906400197815,-60.41751774706382
243.8519674556319,-143.70417177565994
260.8379732186649,117.52808922556851
-472.0,381.0
84.83334904390955,-62.95798851222996
-110.99032343025283,470.67098140782065
77.0,-498.0
-143.0,232.0
-298.712609978562,417.1999402044063
412.3261751035725,188.32714114707807
207.6147977486479,186.6812399208271
284.88304712587154,-409.9051668984472
-586.0,-532.0
217.0829768386848,-220.92962947513092
157.15623344733197,-287.64742926421286
468.29428326070615,-209.96779909556722
320.0,251.0
-447.666870849546,-254.09600902717096
-64.25457670320941,494.3834545021961
-257.18295409352834,-477.6592938684654
435.8229020122651,145.11203113906024
-173.0,-421.0
-26.45761877005751,281.09038841577484
-90.80454058827029,446.1154814349922
-505.3392558163624,42.931700524223416
-538.0,127.0
-291.01170607936547,4.71953944407651
250.42054073890216,64.47283373460513
-394.7867637866228,-346.274987987121
-4.086383852100514,79.08508155504889
-493.0637116370102,181.86196665136563
425.68343491250965,-246.81747086437903
25.58097060367296,-83.64384943956142
259.7645873096228,92.82034686759124
246.95910985558,-135.5950533476468
40.10550927389141,24.583248831386562
271.0,-73.0
-404.3060463407419,308.9821724329806
124.15592355630284,-488.33542818305654
-65.8721555538452,501.8833316274442
-101.86138595875244,303.92968411542483
132.62187365903333,174.25870053301685
337.8344574283029,-391.991944353131
221.6429152329272,117.26289177033263
247.3525750226462,-78.05062541864967
252.12340930862518,28.797201176638374
-103.97646976353398,-1.9152121738405725
-40.54148156632231,284.9367218427097
126.35375496998792,474.8659510216802
-327.4840522674558,-374.47543558491697
279.05133805355297,-138.41501881718364
160.75922074481878,-235.19478239129188
-182.19937046476957,-505.04278161898617
-434.4448324585892,311.7486649677092
-492.71891772826416,202.32269144250446
-496.74689095727865,121.8922925301352
-234.17480894615954,-425.2985311571361
-232.90619157827703,-455.1471225977926
-7.6701541631652415,474.9054199679306
-310.22031411733116,84.56758397811588
-522.6496589209389,-93.45936222669457
-393.9270118478437,-350.5711618796474
-464.0,-185.0
-251.8814174152978,-198.28992046395985
-306.9181502168722,-1.9293204205516261
245.65475435557013,73.51031167871666
-10.0,208.0
71.42145390072314,-8.41970831492411
123.09715458571279,-271.18153858347364
24.0,533.0
442.09783337057286,-175.10290435720088
295.70732499291825,363.14029132568044
-496.3292222891303,-74.15753377191369
453.5771329359698,86.20789276729795
-294.9103089067806,4.699432273555974
53.83020242631595,-293.13017408200653
-124.2283646686109,-273.2147874138213
-417.80822733182947,-286.27076276515334
-352.6148340830467,36.00438576947144
115.0,-454.0
249.2090117560694,-156.36451769703444
539.0,418.0
-70.0,253.0
309.0,-523.0
263.0432347348253,362.28541572586806
13.6562751055016,460.51825683740844
-417.46614880795846,-327.58148060142065
340.5626703784963,322.2533588515372
441.9481157235329,165.08819987939287
-59.868673531775556,485.92641339178806
-61.36572159324952,65.51281197833454
422.1374000208097,266.38451486976766
-93.37125196379769,10.091550790585861
267.87002147005404,-24.40004469697094
-305.3947467403609,-106.6367043597644
-305.9896219740838,101.47758370998062
-181.0067872706136,-512.6386135825036
70.09337649536852,26.030104739485616
-288.13944916531295,96.73088575424846
453.3846891063442,-55.81591501533177
-492.92874518181486,-144.467369572714
81.8800525751899,-69.28339887013081
-480.1979492301192,177.40095662654116
-448.3768734657983,231.2123018609358
477.466998678842,162.25847943472866
189.62212326721775,210.82750602470307
16.45116040634945,-132.51953576884748
-38.07751045005402,-544.5580593467675
-46.79835115368088,-269.32562961553106
-260.6254297424275,426.55447247855426
-22.684547138901603,-313.3383593052424
-107.45308564371659,64.57278948712559
-253.13477695527547,416.1076758529317
-479.3447574611538,-218.7932791688276
-431.23212674975224,-312.7705989122201
155.0,423.0
21.99639075977759,76.17904008487946
-306.43653056096747,112.80057141845735
193.0,-267.0
-120.48759559590849,-481.57180403586807
32.79225256418282,-132.98238439061774
66.40078359985793,72.77571356894853
-296.0,144.0
-39.2089056734787,485.9400961630809
416.9551247773146,155.00650234227547
-51.589453821955246,-539.4383976490371
93.4553673890383,-292.2645507125991
214.67975384062805,377.96356281448413
-297.9952756412598,-145.58285548249907
248.0,375.0
-351.7356469711311,346.6193703982501
-414.0,-429.0
83.22713620327244,223.1316787888643
177.44466769701222,462.49815237440515
146.0,-227.0
-373.7995705728418,314.1109595665283
-452.0,152.0
-376.28331068699094,-378.66506203060993
60.61366169077394,32.92167185549724
-53.1796399778433,482.347218545762
-282.5580809023922,137.7707761275318
180.0,-428.0
-4.161292178524654,-506.52782438172017
-397.26236130058663,290.10436405638006
-405.92628171092844,-306.6604829939857
431.7703600204484,182.56525340947644
93.03900309533424,254.14439695909115
325.71275965643065,320.5440628103103
194.2613900548451,-490.4441257749072
83.2894365634299,261.969080092748
9.975379600967205,-504.94467845184437
362.1248312986099,358.46350767019715
-395.35123239365856,-334.2649073229715
-95.54508724882115,50.28364260797268
447.90386933024854,-144.38970552277573
117.9338928991813,-534.2834342215897
156.34376309689793,275.81023840213845
-156.66266137906746,-300.7655581828768
-530.8982267265752,71.21725246348765
116.83798329749406,-510.45326944631773
423.32892862622407,167.00771550071568
-49.26030750814899,476.11388448388703
-360.257533737797,388.91510356078453
30.33452631612134,-529.019729172956
459.18261415634913,119.64663051532159
101.0,358.0
484.0,502.0
-62.666489934147656,265.6484983986341
-337.1795265705269,-423.57417763504367
-244.59866865853826,443.94245021343045
-393.0,551.0
41.877042437073435,-326.2413468556742
-415.21031578483206,265.86727961056897
-142.148451320542,-306.1943483148599
60.57898766979568,72.58866972753133
-296.3520352726125,-427.21738061098347
400.159673773575,171.99514602946567
66.85212891128026,34.352856877165735
-90.14986514803107,-293.1541358145227
-292.2080220315806,-20.81922369753724
-138.52699915099566,-263.5125429741659
-198.61972412117052,465.77667566667003
210.43066872992233,391.1992319941438
220.7714520245787,-210.3470560778559
-118.62507688366958,-487.8264634945272
148.3154813525752,-329.13312589806173
91.01518309064423,2.3084044206235816
-422.21988000369504,-255.0494931784886
73.28180981884645,-93.8485967201725
-485.76949287233685,178.08806997760706
-296.9632183838214,35.4450159413667
-414.47781957628126,268.1246678236267
-114.33304150847891,254.39567362234467
117.9953250300886,6.794519081032547
185.22054487877864,220.34681774116376
329.8816660023431,285.1372391400961
-255.45333478749836,165.69786691862646
-308.0,-437.0
-89.41293354138242,64.81210697565747
276.93769884025573,-106.63850606330143
229.0,182.0
241.42147928213254,95.10670168984834
-401.2336435134986,318.4848100185829
437.65831366688053,-253.1959185210774
298.48995628530145,-379.68297812031807
14.85757729675077,489.3401453899975
-341.8912268342207,-40.7555003465822
58.22663371098142,-285.86975939008954
92.15687065341118,254.483030773681
-168.78313652798838,247.9082071732265
-4.029965817681452,89.00031037129637
135.698060824157,-529.0371858653638
13.668942890740675,235.71131575514437
-262.23143117014774,-224.72837073015242
283.7089719100232,-77.77273326543492
-232.61461752767374,453.7118276759593
-262.5044497193766,123.82655448477513
-247.0,-550.0
134.0039078161808,263.93522942731465
419.2847448303259,149.85697418794723
332.6428069697662,-389.3840673887133
-15.35794066566935,-506.98707992127436
-515.6136908663839,64.81497989325896
163.0,-380.0
173.48329701744646,205.91192550906126
503.71589775691706,10.445250726569789
-515.3522480083114,44.13917958014809
-143.41887538612778,-18.2229612091758
35.41110944004386,42.18140854548918
-214.0,-362.0
-261.6971027362737,403.9713153013302
382.48231647942265,-351.58288296373325
366.4398693035713,-297.9470379779039
-290.4423126067668,127.29421500218861
146.91964432262108,202.10853600643375
-322.0751310160785,-101.1678057937643
208.24335329700577,-235.91943092177917
-198.01702841776668,459.34705521039035
232.95106958528453,-172.47683889247253
-333.7799961007447,-40.64370787297331
516.4144060362564,-49.72198361779145
476.4620091941429,119.01025596690687
318.0,-262.0
-451.0743214325023,-312.962092772408
60.25144634880697,278.49227542768625
119.8289829000595,234.70167331988694
-303.4844495293339,-391.001565722701
-282.3633204796481,-445.16317076771753
269.37155481723426,9.915972321216266
222.43701509371746,148.5406455796404
-446.5598510001645,-237.6669566489401
55.94621762147332,496.9067447892823
110.90052034732835,451.2445972396773
-453.61539332530157,-315.35779108437964
195.87899464616,-213.69970362624363
139.74641209546115,-465.071500786609
-316.66529067120814,80.38123809532095
33.95770708232362,68.40631333657868
-203.10021743389177,439.7176151546562
224.71982221083962,-175.75246425880158
101.05815076394929,-256.23095464793636
209.5177270019555,170.18679183437706
-25.133731154732015,-329.01165501189104
-12.415351733867361,60.793479926387405
-133.44453436914725,457.5690197297176
112.0,-133.0
28.376520520479808,-520.9235930487633
296.44634930139154,-2.694195069923744
412.97358111164425,213.1538701272841
95.58544590146053,-59.96836325497797
-264.59917586605746,378.10602612605356
-310.8475672399568,-122.33063630095347
259.61861983706297,14.286265498035366
58.66007378998901,468.2468807583604
-302.400569735278,78.31678361714528
-531.5200235906406,88.95882209290546
29.835732749254944,-291.60528922776706
-506.0168006480855,91.12838972959777
-15.709176418474529,492.4847203109414
96.24322360769162,13.357480582755054
332.02990613645795,301.93273487362296
-161.3331599576973,-451.3216940421844
-490.1286960457116,194.16298980694492
156.0,-364.0
-368.96372684974574,-384.8251796833683
431.1178915390387,-99.61417808099425
164.72232009666973,-461.04545482551856
-530.7127915553452,111.66849264631205
-211.40023723496725,168.9914829887979
47.886147302830466,261.9708657640459
76.25177956004019,-284.0832886168091
-287.03829718114116,426.2140967091338
228.1161676010184,193.4499947147874
-258.6818055306812,145.9328381804619
-486.3526130359958,-125.75207687987105
583.0,547.0
434.7318906234884,153.63614036042725
461.24368583926287,-100.30514406506887
-414.14029353437024,295.22350696811435
-62.46094401472897,64.21430873412643
-167.0,523.0
-435.98382235781224,252.09150786853385
-31.169484220977726,288.69929197335523
-15.0,-270.0
201.8988728957554,-251.98785942979188
5.353393875607182,-528.033689621609
-121.60503026071655,-307.29490067454145
178.1689453140109,244.87691580285875
70.14039766268648,-317.0029326621979
7.9813672450476005,104.6253513611701
116.13852198399708,450.6455155781817
69.84520474994974,57.42306125455195
-324.84113840944167,350.3307599030388
-258.303128064827,186.09886776719924
-79.15271520265532,280.9229665239545
-125.0,392.0
-303.1947803499099,62.79178713954127
-43.51917194559481,-307.2548488627936
524.0,297.0
-106.0,21.0
82.06000500350785,39.375624694965325
-113.72210400294819,245.20704482829987
585.0,-62.0
-194.60457799341106,436.2550860869523
288.1327984678526,-65.95235627474904
238.94451561122122,-447.7280508567457
268.7873855219722,-393.3073420797981
106.04373989102868,462.6831884921189
-171.0,-11.0
-390.0,40.0
-406.70490566092224,-377.16476464894885
453.0646303146474,216.90763980212347
85.50865347501326,48.57256958639073
140.5752435797151,-471.3000904893828
160.67582186332328,-491.7531376121003
-180.82468213121263,459.6642837674095
-321.55217362822617,58.78783378841581
-205.8102323460483,223.91750051494637
259.0,-514.0
430.14334063731883,-265.04156341631074
276.00261581373223,-20.79777445199609
-46.46386533855461,526.3421026835105
-8.169637013509856,-86.52370767562792
4.2093070152008245,76.25417391299257
483.9228005441136,-6.404735377886588
132.67820838246735,-235.2721952718257
289.18228583303784,-89.86419450829749
337.0,449.0
270.06816522787113,97.93981499505637
66.84934650908366,-89.60410128552093
-76.0,269.0
-191.89219097753252,-476.3614610996047
57.039705781594535,-100.45042703075265
441.51599206792605,75.30437006955216
178.41787881089422,204.99184857408
54.15326205009812,-276.7565360513317
-217.0,-224.0
7.2422265079986445,277.5753485059268
95.0269852638078,466.8705212304003
428.209001897294,-256.32355914432827
53.1433447612896,493.61162422948684
266.0,3.0
-1.691538935796359,-118.8190897690038
-37.06351823081582,307.9844395533881
-217.0,-432.0
-474.19033683078374,-205.8731883170708
-240.60532474085312,176.61061318064287
136.1719688158797,474.98540869666624
477.2034522363449,-161.26734503881144
-479.90439952574405,142.45799285142832
-75.20733465554622,-46.30491675076636
415.62076661171335,-284.935081612029
454.00881931654993,241.59815811421188
-344.0,-201.0
-492.62214676859224,158.43795179096355
122.63826350258341,249.37511922591423
-145.975667267076,-491.2524508195475
-515.3354667332198,-45.749385981512155
114.165044304729,-290.66067890851866
-70.59050842284503,-305.9212721104772
281.5929976504021,-127.27408787003512
51.64894047634695,15.298930000256167
-352.48467219559996,-444.4623786251051
161.16550725916883,465.28582931451524
188.32560244744474,-243.3080785184091
82.14466840571878,78.78950264149753
475.2135465311101,-272.31511791429017
-2.354805422204656,280.8111688318269
189.0239133688528,222.38852391669508
547.0,-496.0
216.98975341588599,73.42649938377194
56.0,-456.0
-160.8010860664607,-279.46252422464823
381.0,-173.0
92.23147855984138,-263.0830549107773
29.065125888019075,-143.70163497897497
335.0,17.0
-7.271655771691545,58.120497423195616
2.6216738508895396,-301.1816468704365
-536.146106651688,-37.02880870836172
-438.44211489623166,215.03364790880815
63.77232370673198,493.3781582189284
288.29890792466125,325.33073025755715
-18.833006513673872,470.9582413150631
-110.21148482244939,-318.5743904303309
427.49198682485735,-220.72404477607589
-314.23534885525385,-89.8056915814817
-265.1215461297704,-49.75815510133307
-248.634505425373,129.04184823041385
156.15642615569317,-455.9046562497147
-89.0,578.0
416.76859232963784,256.8104482976119
293.25178897796565,55.20413792027552
96.84484249793394,-517.6191112694589
387.22353493317985,263.0279843989754
-303.46330022251675,82.86866474430579
-125.8002123773253,25.737390985382653
40.421391203612764,-53.42885423942941
-320.21365690968764,-32.92927626637115
-545.0771115827744,35.098632175796176
-115.61444906745976,-45.617225755410985
110.70928124397618,-499.4570935656122
84.22180176910317,465.9899795389973
-464.54300660500155,-186.00208445254265
298.16567191302863,48.096151781119396
-95.09393408796146,-311.55629122103664
217.67902094303207,165.17440393652706
223.01623090368741,68.48190409262037
244.12903793158662,159.11858370218565
8.589914642962743,96.41169238274367
-506.4091339978112,-172.57843672794516
-295.7844697645498,-109.25193676349748
-403.4006019313075,263.15326367479685
-500.29838208761277,117.44325071405504
-374.4482958295071,340.13028649648993
63.0,-11.0
-208.0,-487.0
185.0232219001426,179.11098886010345
-158.5763209546222,248.1796343525351
-90.29696469977443,474.10829488676944
39.11827691977729,-525.7787946351003
-453.536582194862,222.8914610999372
193.11397540886313,236.80195792016218
160.2372346240967,-259.9789148013676
386.39484874614004,-278.2291929552733
-127.81155913830288,-294.59331764485296
-187.51436704155049,-495.18457499950654
277.36844849461363,-446.49344953191996
278.769248130265,31.60509779474017
393.0608057318879,241.8123079252945
-19.81898473384384,59.76426446784897
-407.02274176777075,313.54903032092955
85.68819469305987,28.189235581420455
-90.52023149602302,-275.5288236054359
478.9899222308155,177.0724596858796
36.13774374547571,474.9123041199629
422.0,152.0
-443.46197117561974,226.29536952214082
-14.082701476726925,-546.5183721656606
-224.50249728444481,451.9250865206652
216.71077799881408,-217.1243490440277
-311.35532841929836,366.9584337429414
-465.01738186528866,116.35922047204963
412.06756948627685,-348.4199739322476
91.85351024902738,453.7124907208786
290.0969979703956,-55.01229818186854
122.0,409.0
-7.0,355.0
249.539191018536,-115.99211204222844
71.57778876170869,30.583476322067607
-276.3701226861646,-161.10477921738922
415.0,-27.0
194.86712553634743,-215.388297449013
302.0121120756029,-3.7995584627341508
-245.84118556636966,192.915292637496
-157.31492150700558,498.16114552070513
566.0,-124.0
178.27659698824579,439.6860351285325
-500.35104767515367,30.314047600389493
-80.76633124624351,266.3875309193067
173.08478438497946,218.24950464484817
-160.8887819928968,419.78412548382136
-69.23628930639728,-504.86868069590423
28.71335176100544,288.2865262093376
30.0,561.0
-193.6111161471339,467.1805009306233
200.96062150967398,-182.95978327531824
293.5277363828888,90.96944206690806
-288.5194028365206,84.94858056820098
296.0,327.0
-64.16839765017441,-326.4330615064707
-317.0485806341728,-30.64798616238597
-399.8213159768228,332.1123674285577
-485.32376793764786,-177.99621501789665
294.333533961048,328.3284529420336
-24.035154560732693,-551.9381738270495
-20.59755043164853,480.2071762284201
-379.9780242520611,16.95222408807826
67.52596848358317,216.98288026492037
-384.029214974993,310.83312263258824
476.9552648452527,-52.98677594814588
17.050760440338962,30.36650088811419
277.184432966668,21.90581015975845
303.3198365974837,15.513709216110733
-10.651402433200492,480.73402031407926
24.30390545210355,-72.17119449373985
-94.52072737407823,-78.75741841986913
-323.5885244751779,-117.2474910779724
-337.7403444757722,387.3873206199261
-529.1022661776549,-23.026237926124864
-241.67371685597183,-223.37708514848308
264.40280571075755,386.2733607831113
-398.030156893199,329.61523557360005
-7.1178724882100575,-531.9082645738313
-33.59742484742532,-311.22718648699134
-193.0,335.0
-541.037311807835,-8.091550460352622
463.0,-335.0
6.4619067480690475,452.78250224937034
-416.0,305.0
-11.871516686512344,484.25944938738405
18.908520578553183,76.13086703565804
-305.63683778323593,431.5103653126581
326.0180716713569,366.8950829777209
452.9073905732678,40.424880746911384
-232.0,-208.0
388.6237608900445,255.8443488552849
-292.7728073423867,140.69796088526445
148.68900908587688,451.4771934397442
-351.4960001493333,358.06056000727574
-388.4519003011864,339.89949298504547
-218.72840253113156,267.114289122805
-135.7511984846209,-4.750808684576777
-463.5328246845741,-273.2231381484953
177.0,-373.0
-291.96362321753594,-19.914323055729817
-151.76220068134043,-20.349324532388504
-245.04676570356384,-229.04021301361556
257.70794288643845,-394.4845415538458
192.07169034177042,207.45451355239368
-360.16188389267217,334.6659185281975
282.20980772954516,33.31471771896176
-369.9200131458728,-304.27229321122263
-301.83713883080435,-442.4738719222068
343.4979961171802,334.67891727612385
-331.0,-161.0
407.0,157.0
-120.42274976729797,-292.75538990895905
168.5971198846122,221.7219602306827
-318.36257741471576,-44.94711726924905
296.74913148269695,-92.53486132224629
-122.64358974160973,-55.01735391313119
-234.33718838288905,173.1467940035489
457.528135541939,-60.129547153559415
77.0,59.0
0.6343066213345523,269.6975784845677
-9.982086987608037,89.892377163613
-530.3874639659974,-63.271338808409624
184.49774824339858,-223.48935287790607
384.0,444.0
-270.60977507841307,98.43186178854525
-422.00082603656494,-301.25452140981554
133.0,202.0
-99.94120079147137,-50.76861627131472
-222.68894025748452,194.40470145511375
-279.9242256485457,113.11777382618268
-286.4756919988837,145.25966736228213
-68.58842729670036,100.38353468276176
-70.11959865832789,-515.1929671063243
-10.504567901677985,49.33246583998995
339.0,454.0
484.9024088281649,-210.20652604871586
-170.01222441181238,189.7401029655577
160.25169225968972,-227.9727700170874
-123.82313888788941,234.39850540787896
155.69346389338114,300.93512478996735
-72.80315283001903,263.6348924032229
-146.78982880014195,-56.21536447852266
-54.830688050933745,82.79655506529335
-482.8902967307295,-6.849498372651052
-303.2234595519805,46.415716913016816
-471.71439060153534,-175.5675385749952
-507.6752412413713,31.27184574037864
-151.8430920519376,-509.61970102099644
-285.6317764907343,103.41577539698898
-136.65117835385587,-504.13490414008277
60.274158974860626,-505.7908210867256
-187.1884580298219,-241.86081212171243
236.7691706235784,-141.1795637976601
56.30780282022363,-71.9211869793391
6.540039351938269,108.46120377988306
214.04421050100416,123.31133915781268
32.19553864840532,-285.9783349800564
179.99113396483338,171.45007100623934
-286.521340595,-64.73388305624658
-212.0,243.0
488.97713590388145,51.5992447160964
249.5722923682048,61.73742200008489
372.6420600411208,327.4739686952015
-223.9411723915281,-464.6157593802102
-131.38489696092617,271.3278557226152
33.29170421062218,489.75007934043333
-32.56169092158069,274.5696419682306
216.84992367418988,395.4595915830336
310.45532699229705,363.4738010495763
-106.68542124320408,492.3924684243577
-447.0,-1.0
-299.61906318729774,343.13985516483353
325.73971958560116,410.3929698181285
33.72553385372531,-529.430418457169
-473.08921338553404,7.4238986551358614
329.0,-436.0
-86.95453028233644,56.624626956522505
-219.3320568151882,217.4877286521072
189.72959608320565,436.20524935497224
404.0,-94.0
-324.6750284134593,50.21428614651961
-256.7624466414356,189.1519280521332
-103.70713976296908,-492.4637305832732
259.4943281022284,-101.02340126371061
-98.98680173383066,277.44586843788994
-513.6435277853546,141.9953755341825
32.94274294581586,42.41251949421717
-475.91822981765375,232.6442705217608
-471.0,457.0
310.405027782304,-72.71487337235743
406.0,-165.0
151.93054923488262,238.6105862389208
-159.10955011949693,-526.3032684626078
-427.83321910255705,-276.57235900107696
-432.0,592.0
-31.32095833110335,-72.4722273301282
244.31420813513552,-489.17730540144225
-312.3709506206186,-175.10986837314732
557.0,-187.0
138.4030637602904,233.2208646911409
-220.11950007462644,-216.77952788717784
-232.33487979565237,193.51146534429265
-351.7516560811215,402.91786916019134
-468.268709552356,135.2505964239253
-276.54268164683356,438.34802006497483
-503.0181258355523,-67.57512209803491
50.546674877664316,-326.6679223314528
-466.0,162.0
-255.08107177883664,-194.99289581486246
391.21054048888016,-343.9717754810216
-69.5013317133595,-70.57497394956124
-49.7159306407615,449.81018604535984
-188.75135984996294,-280.67184318523846
-85.89694921241056,235.19546603548667
107.7857654427236,265.3670930332237
153.27536801106245,198.0733197724845
171.62232255752141,172.79849786194842
-125.60903477123239,38.82270052096563
484.1926187658118,-79.02059765875109
488.44709755177064,-201.84402300876644
59.0,595.0
280.0894758732118,5.458649076234688
-147.8870355876083,232.70812021140517
467.0,-470.0
-32.40091701134226,-517.6213781410311
-244.40757006832365,133.44123042387426
-259.60792492233253,111.94887562724881
23.67632316452903,-298.19105566823185
-122.48466816395342,287.237522288058
-123.65087900631995,259.271936346538
240.07771544017507,-141.37509495646026
350.01334232550767,-324.60322744782343
-78.00866887832893,64.51885896273433
-331.6771473192896,16.93288846613553
231.35403306003602,397.81232127535105
-508.9916072698651,18.095218532822344
-512.4663684086316,-201.75123971257807
312.55971490329296,317.73978641833764
46.42266884162325,246.60275565198592
247.0,547.0
-316.1822574568121,385.33960343880085
-61.9395775819359,85.37473527315512
-492.0,252.0
-75.0,369.0
266.2841077082506,-64.69961112876196
485.0863147477242,-30.315969999702887
-147.13279231104036,-306.137178639717
-247.0,-88.0
172.84322272597555,205.75741834297187
93.57880311723804,290.19721949873554
18.444901168396655,-326.5619737606927
-392.2060775528792,-360.5923503689016
248.0017180941751,34.78074663358785
-493.1094633618549,194.1616353311195
48.09202556923528,-59.901917566872044
74.88763684713759,-41.10796838777139
96.0,-353.0
-141.69848057020647,31.38620742683564
350.0,-461.0
-511.622097542217,-67.15207361495565
7.655558768463859,495.49201417897126
245.00441804381092,194.83294801639153
-468.3728824574159,237.5282429274662
121.17636724737363,206.64684172199588
163.3038797301432,-226.31354724390397
167.50238723721148,445.9361634937354
307.2630789432791,39.16517544487166
381.1015617601683,286.0304647106382
-507.0,-201.0
191.59479813861387,-474.6615756340993
260.506991936143,-113.93148411381273
-25.952350999845606,266.2819014746413
-517.9210316369453,-173.6141616470134
-239.4303586447142,-233.8435998091459
252.01962119139245,188.61580650443622
21.863816783563045,270.3069941892658
229.99512033935602,-207.572936323327
35.52011045111795,282.1864258323835
-501.1829715745932,94.22841119392336
-507.86909552299164,-57.054465786072676
50.28524434022381,73.1395320051916
-143.13631143027666,1.4958611134616007
-403.0,-488.0
-28.12928205051558,484.34478279621527
-349.4888116486218,325.47954660772666
283.0,365.0
-213.2828108899083,191.21522355473164
-68.37077164310104,85.81728856666088
-523.0568251915454,118.2333400027006
-270.0,386.0
306.0,405.0
-96.3290728090762,-69.95220967159332
207.0,-238.0
-439.1756576749939,297.59839823463926
47.90858076085022,254.70044373694208
-211.4618217461766,-472.8940227590966
89.0,-423.0
383.0986923975073,277.92027226085526
25.419553167592873,84.00399066738986
320.20320840699395,363.6695107071787
244.36428188893504,-465.1876359075742
-264.23061314713345,170.70949894935697
-525.3805208078187,56.27505011152009
-54.52919181255197,482.33667722158367
59.3726698967346,282.8044733154423
-185.55088614204533,-482.5726666424763
25.0,474.0
239.0,-177.0
134.68019823455307,-314.1277965301582
-37.9239747052499,-123.28461442822831
-64.58470303952079,-91.4189234524664
-226.1336929889015,453.0232704393468
-116.73804691003431,493.14813170832826
-165.26238792186064,444.01371204582557
-351.67100544429053,332.1306903078868
-485.0,118.0
-110.82764866615517,-41.6759085107937
-514.6150672919803,96.06320778143713
-115.0,241.0
253.91218018347246,-8.759982626499614
66.78314732577266,213.1002488780623
-477.8851856047981,-183.25195258402312
-510.5109324425844,65.29963425020476
74.28456309003612,283.77187359846727
-119.37727969207269,-2.0951861793178566
-427.13712510328264,288.16848078027243
-267.51241299903234,-221.41030089222235
-47.58214482413845,-316.4731934842089
201.56096100815967,413.11316280037346
438.5239898553449,112.64391225570938
375.0,546.0
-210.55399067806925,420.4963744926678
-165.56326596731387,-319.49649524088244
375.4669709047633,-308.86921586632843
-267.0,277.0
468.8996043340376,61.47405993068257
-307.7831769008039,402.9504540449713
241.28014640855673,-459.3251600664819
300.7658944633713,-95.71704418232065
-322.2717907966376,329.98672573510675
-504.93868940265105,-156.59207955745543
241.10023402124642,-457.94070101752476
-508.5365083782053,-201.79853536250943
-15.1297117014782,447.39867020471496
-339.2466410724752,332.4201572374568
-43.0,-496.0
-399.654451714137,-263.3579723222771
-399.25431968636167,276.34626621806484
-289.49913575257864,391.4294192772197
134.82538196974699,-249.9830033617153
88.67196226882075,-489.7751391949137
224.01808830858738,-193.18451234727561
-467.0,-119.0
470.0003264753034,70.12780625208343
146.22055465369397,-504.0861021270314
-518.8510475670712,-119.87080918452847
336.2416559308055,278.6182063957814
-124.10204244822103,-533.7034298126135
-345.39679515519595,328.8476594823279
83.58162984527935,247.49831947312273
-139.0,501.0
268.59729277454693,28.763663753153754
67.32384676957984,-19.793656897767388
-246.50683904882592,-461.8364636276006
283.37702209001975,393.23137689925977
82.55415739874937,-69.66867232369536
-457.1627294608799,220.80375428019744
-41.44023253460309,-148.38146319243043
-271.56678927430846,20.26465049158331
-222.76010470264058,150.31800634524558
321.0,-279.0
-109.9641547177448,-90.86441091917088
328.0,-144.0
-202.16434630290226,190.41534471365298
142.90442067168746,-300.7812416710358
-109.15156320993307,94.88807545430546
-28.0,303.0
260.80323679972554,403.4418748627024
-107.8900438363568,470.22465056508156
114.19278101989343,-453.67464859191324
260.9996662837882,396.39840835571283
74.56153097448974,-306.25232301280835
415.4745704763102,-240.55442154001645
221.01701427958403,-496.11891413634237
76.55703227183973,-58.100221981119844
406.206067886563,-282.0095941860436
433.75429995725545,230.76734725006042
82.30925456152067,52.88073150126111
-124.3740195004853,-21.714665753340263
-305.4269516381929,382.03663792470616
486.9426489883239,72.95995868579588
-477.0,155.0
-137.70983808523732,-324.6701681524064
205.0,-397.0
109.0,126.0
-499.7943841593661,-26.694531873538374
-0.8130206090025416,253.69188217875177
-276.0,-546.0
214.15957004838788,418.21902040862676
-273.75347700011514,378.49397499993637
-90.37268876461044,-307.43170927743313
107.86747471039578,423.7006663843305
421.2315034699776,123.8021934479467
443.6072235873172,17.625445645326387
-490.9274550337702,95.98630442892066
286.11232659770076,-137.22987388517427
182.74503667825599,452.21652965557234
419.03622862309635,154.39624367037555
-497.2627013905393,99.59942490346523
-23.742127095964484,-107.32972761745818
-31.329546491449705,-119.00889083755203
-216.0,76.0
110.47637609329212,-316.0317998987956
-405.3895021452097,361.8763067815902
467.0029841241068,194.69481428684955
-119.92468672595062,256.62232695488575
82.04806052590999,249.76345775405082
385.25561332394545,-307.6798811691763
-209.63665617805023,-231.4364428957799
4.924891694597527,90.98401134717643
134.92236258323112,454.83370077066843
-398.30136755554145,263.577792916527
-322.0,-571.0
504.0,552.0
-204.01987302490923,198.8156287717141
464.0612574024668,-71.02041243735886
571.0,-63.0
-456.15807716754625,-252.11252868125163
-515.7600867603456,4.958875266682369
27.543645983022657,47.08909248182684
-510.10512143562516,62.465555125897446
149.9538839095411,238.4281385078933
-541.2018424302269,138.3896413977262
21.826240375471905,477.1539095113804
-270.0776569330073,412.9198762468086
-537.0,-119.0
-432.41792043926483,-317.5337913908619
-41.43781653587437,276.3996824129936
-60.762231808894995,292.4859370329861
471.57519003168574,-140.29673108317837
260.3139850429126,399.6298560438483
-53.50614483429914,49.34814440150029
-306.63652672897075,-87.92431794718644
-562.186457193664,22.467695933448862
-179.01056103406847,-252.87527395684702
-60.64987636261468,508.79813354013845
86.16525642267258,5.72233218548808
43.6628456240517,-296.5793153780177
416.02306275899304,-191.87569859192814
187.63345475279095,200.97257072328028
-510.77420190610104,42.179388514681705
-50.1876591554491,-498.28205186113166
450.05208580921646,-96.91581560252509
-262.0126897302713,148.48835129797058
-501.707710188527,115.76288069671942
-535.7407848541035,-30.332458111335157
187.8979613260153,155.14514211535385
-460.38806398116003,-270.68671301105593
470.70029657817435,99.07728398215863
82.51397990387564,285.66409436869907
26.788226537690633,-359.71157188810514
-145.84179935541422,-485.93085975042425
-384.561210215868,319.8689819913801
-115.58469289104457,-57.40137933185468
43.86319365404131,458.81597481510306
-133.09261805672625,-37.806148743525824
195.83293614150074,180.50380462613361
-448.1979980503457,196.92899283025216
362.0,120.0
-130.01901983506744,250.73200214769787
-11.074749156925742,294.22817961892486
-547.0,-489.0
161.97424273142633,426.6622877578173
24.847134342171188,58.13908370224679
-193.5872401422336,211.27689839959862
-156.0,-516.0
276.35042775884085,-114.19289334602831
240.39889746359373,-454.41911467400644
279.6613714996855,-155.34917984065515
73.13338770859292,-98.04362003428328
511.65589683113535,1.7867520937329981
275.4760399216498,-82.75884246265338
-408.4515231071369,343.347521660694
473.39701437320804,-236.1834609593693
-257.8801584689893,-234.152802749976
-410.14068222098916,310.471074855455
-194.61856009054952,468.92816499539293
-267.49526808226483,-152.61345237154666
440.66272052508964,-233.16695666684254
-305.7259328851129,59.35213617301569
-193.04404124619455,-255.24027253183561
-269.54161790592457,-462.51703439111725
-313.7319274829017,108.10279890448028
217.72334249773212,-170.72747119473593
-10.705414602296473,-336.9212531007143
207.77185172334964,222.13971161826677
2.7497956285368303,-311.3595706881742
109.3296704397246,468.8192957803215
-197.80840659802382,-260.3046300400383
-293.6887437609734,-460.82067898509547
234.33283726632465,399.5280642471142
-65.94660915595497,-274.96875167987787
-401.82890133165773,-310.97888631738886
-71.80840656753898,-92.65790307021506
249.7584847142908,83.41023239626136
30.641700591491023,-345.64639015810735
451.75898666049335,-198.54576594941548
-293.0942640821147,58.61293159680868
308.0,67.0
-158.49525075585476,495.2557766906338
313.23185526879513,-333.29330315518257
437.4070983482914,173.29208663592064
-236.71515208024513,-451.35025143276175
-311.6996363094529,-58.633421992487484
45.91016796787167,-370.26943051600034
-131.3170411676823,-98.94468768577286
-206.0,-246.0
172.8636685295761,178.9909757494401
-60.30849186402405,-516.9494616233886
-33.638338862316935,-99.77700672000704
464.46703268023975,-96.82083812371226
-37.0,269.0
-193.40823817902472,457.1884684402542
-178.0,377.0
217.6513369708191,170.43486839994426
265.72099428045414,11.246338396613071
-355.36788583338193,336.7099552829509
-109.85511256606063,-521.6732464852998
-105.17746815878957,53.480285401013404
-16.577614315958677,-514.9840369561997
250.0,-221.0
-200.28367974101639,-235.04181192473587
336.679342332218,-384.89977312171993
-389.0,248.0
77.0,340.0
203.0,-470.0
305.1938602083131,10.807009705909195
-244.98475493103564,125.19864668731678
-308.01481283116306,-408.9727948196773
321.308284275016,33.980967813157406
-161.27175457176338,-284.33709597726397
-111.09668412130333,264.45074936368025
390.0,108.0
-519.4506432719456,-9.24659026017149
331.7814864202647,322.03472256191026
395.0,289.0
-339.2384959467987,-10.635391899405317
-361.31188079273693,411.6953791308665
-369.4591478040699,347.82663991562697
37.82960355232687,287.50679227202653
47.388079039414535,33.42167924380651
-287.7361455899066,136.65201031165367
303.49719968786303,413.52980480671624
277.5870050375203,47.7381517106854
265.85517816967194,-97.47624503598068
-83.13809580693913,60.61232169433717
220.29786406708075,440.57794499039454
166.04680286512806,236.12572787458532
-355.0266807923376,332.8601704596479
202.0,356.0
316.0,-531.0
212.46375202278296,185.2130258103984
-72.60970684703543,280.2868601103174
138.64697720432028,435.234505786944
-358.72031796481855,-373.2081178555114
-475.70476251048257,-210.00404092981418
-154.0,211.0
435.341708085557,-224.2773610141218
-421.0,-227.0
-86.18676018523594,62.408555868229115
1.8026925702753012,-133.36345528125716
189.11464211938068,-193.94596831719133
28.0,226.0
-546.321255106603,32.34775239441227
-200.88983970332794,273.4987454688057
-119.28856006758653,-26.80236960608959
496.6064044024175,-4.706974291473205
-204.40560007086657,223.12836104657933
-21.887690229922246,44.12548901917968
70.47365262094297,271.69754402285145
69.10292430885086,-502.778866214637
-405.0,-387.0
-328.62978486088565,375.19112843986284
-496.1636391730014,128.56190602984083
-275.72711369075216,-402.8474650685527
252.05360165298333,-444.5838672746249
-516.3816286689757,-118.23543684760037
27.151938603385084,-94.60582672159396
-423.26724356532634,259.3353020157
283.8822453883353,390.5979299944695
472.6019112419624,-27.61689516973835
365.3854337607326,345.2696071387694
-352.5012964835673,-421.1950488371971
-563.0,-192.0
329.8373420877536,369.20712001413915
339.0,228.0
-128.88986229659955,469.8996180498578
69.74555971237685,463.7651042843248
93.0,-515.0
329.0,240.0
416.15380713926504,123.29152899261138
305.03643258668313,-390.75699514361264
325.0811531072465,-359.68891796319895
-229.0334848324495,473.8923186535708
268.86126198730693,-8.568970395742035
264.4377614951199,110.99104130787507
-140.0218473961615,-326.31560378199094
-137.6166484018109,472.0264416344555
198.4412601277559,212.2856232435832
-178.60566849900277,-264.8752275536657
-340.0,115.0
-81.0,-400.0
-500.0218272441835,-101.60580037776023
-290.7403871640547,-130.48043542995777
555.0,-355.0
-77.15475454246987,35.20274949777663
375.67934700205467,-307.24199646631257
272.27919089276577,-438.6341999890819
373.06031840455984,304.7170629409202
-246.91992462248322,472.5857196956919
-284.51158244018984,409.21193103447507
-296.9744100402568,-184.29283426900705
-30.10935956085774,35.26555534367083
-297.40524253257126,116.18679008651418
-70.0,454.0
-233.72698637668609,407.32869234646745
-421.47390286373985,299.0850850336368
225.0,-102.0
68.21902296499832,-34.152718897143444
16.788063088728745,498.9087675255059
-549.2444591439888,-96.3812235288872
-46.24848195916955,-123.15947250446433
204.42077268409753,152.9178740981299
-57.048337425403034,73.23733638599182
272.07672479074944,368.00690460916087
-448.0,197.0
-131.58384027919035,-307.1452548283903
405.0,-10.0
-284.93491593408754,132.7728770848318
-7.191803033697273,-500.9412541595658
342.4561975805565,-358.8082873381704
41.554027301384885,65.79922241702113
-85.78871390444216,20.68535003560069
-104.54752036152207,278.1220219339088
272.9841058443773,108.1673924064896
88.9776817209508,-108.77031206771179
-316.40471330595216,396.26127671185577
-437.0,459.0
-381.0,-433.0
466.266414595856,4.6184932069576305
79.14210677680657,259.4892783752247
385.0,-6.0
249.27571420812305,71.63578527656878
202.26852583931506,-140.5151918632217
308.9070436557283,-376.31481442100556
192.0,279.0
369.9541199071292,224.4966200822571
-298.9499320680361,96.65730384044568
-226.2514425712185,161.2793590088828
55.68759784338388,11.044188179563676
-170.30052589998405,-530.5185723192848
-495.8777763708561,161.5818297030382
413.49226823369173,-291.93065139647376
59.0,-314.0
377.1488992322934,224.39773333782716
-74.64643483215539,-92.99349817823514
478.42484223250085,21.041118760354312
401.1663404294604,293.3750177140447
-12.46819171051081,481.966242448138
142.1735567587913,-285.81067704530244
-43.03408584760527,94.83984760664454
59.004417900977586,-62.55271235497472
105.89758900674668,0.07187087115648083
-417.3150555042557,241.00422417856342
277.5501627231779,392.134063379889
411.20278831654997,-286.35417761678383
9.028248597370592,-107.91486725880397
324.93753949394,317.8248277956257
-297.09280194174414,-426.10457513158383
284.1577962088578,-418.7588643713932
-33.19864103988082,-99.32881097983181
269.6712142869263,-1.1926876535171758
-237.67537440523557,-283.2400012681816
-96.71996276451564,-66.22350868159299
-439.0,538.0
28.0,-59.0
-460.7930187002167,193.09770002191783
-122.19939295041655,-288.1934449077966
-317.26497848646096,384.6748315762701
-366.4827634898436,-383.5694799746316
-220.21099918243397,193.5846976872483
-489.801155122754,82.40117261412215
201.72791054131872,-218.1337237055497
249.0,430.0
-114.29486933631313,18.689616672695415
-351.6053049181014,364.0630234927574
-43.470486729378564,-150.7483146860789
329.29333882978756,-378.85306867591197
71.05654816993291,70.79140199178079
-260.73257059866063,451.1358129195433
106.43718056425388,19.954875154760522
164.27336248526115,-514.926536853189
271.9689150629612,-132.2528696572816
154.983337511361,475.20776931852436
446.0496051691692,219.14305367342615
-100.33202823601121,-529.4014060861667
-523.9826358766439,56.14922201970853
48.6314901187264,271.8815965922275
-9.535325604700763,-105.26810182313582
427.050583203478,222.68242770067855
-409.5587351521308,-351.2775522832093
-429.0,272.0
-117.3950326596531,-48.823406050655606
191.0,-517.0
-595.0,70.0
4.416543283883078,-120.526495106274
-161.747365695665,484.1152674536172
65.42185756968502,21.03137449272214
-451.2249969468093,-303.0979692703251
-529.9568185910771,7.421333326108094
39.215385812897054,-510.81278706005145
187.52375741514118,-455.48575092145364
50.06895580872741,-306.0490326412354
203.90375636453624,155.199703870989
209.70226793551242,427.28187818900295
-104.40291691047108,-305.4075993122133
-80.05847240044447,-328.027298208817
-50.288542790156065,289.69848878047713
428.91245993236845,-317.0946955544044
-313.67608247226156,-108.85590291777146
-149.0,351.0
-163.42972741116515,-297.4247003293418
21.04482575315537,290.30179568481833
-121.0,-575.0
-335.48506502001646,52.31597017767689
-75.01227901951242,-80.44874661117507
88.09153438599296,4.5231908655826185
425.7586445937415,157.90649097063783
205.49142339021498,423.27164639927855
-411.0,-340.0
467.0,268.0
-231.64859528645107,-222.15035198519524
-65.16113759258812,311.7747930022957
52.33301519639503,26.737997121691684
-69.56673625171473,-100.58189324490556
-300.9371256565918,-123.71515145862229
-492.3692681007025,-235.483401622068
7.181837992955877,-552.3400535718799
151.66054990811102,205.7320443725423
401.7916626467672,315.9502051354045
-24.750040713250975,-340.9594169849121
-70.18878831081071,-106.16753637200662
-335.5805832198871,-428.08614389203785
-230.03489942337788,428.9554296960612
-525.0,98.0
153.53712419202418,189.91085675484095
93.83312111962111,247.78678872716569
405.0,-413.0
-63.8630025451952,57.1399389152188
436.134017156384,120.50193185512543
-43.41592125714067,-95.9509091735327
272.03255277190385,399.4827419549107
-407.92427530204117,257.43211906492684
-92.67816493281977,-514.8577302535922
70.32095808257904,-33.29221843820777
-139.78988724946436,-511.70590670106463
299.97346770059795,384.68996202417105
142.4464119913104,-353.4478131507476
-474.83794397356064,-248.08063168493481
209.97500161617705,151.4326124038212
275.0708438208894,75.97654131376858
-249.02786580806406,427.7670930620633
-310.2243895806023,-97.3036479446138
-249.0426269836689,434.5158683272042
-45.51211966957791,464.4519456121195
-30.495417380833757,-557.6636175761421
-272.0,-349.0
-206.44121073553077,-483.02678350118504
441.39419623014396,-13.294312979357656
-221.15844293364233,183.54588778936446
-304.3026339890616,31.45493396166676
89.37671309480785,-30.95142455682076
-280.169991933306,374.22077702782417
447.78792954538835,-158.40542675159344
-279.97232287495757,384.4425995608588
313.90478217923953,-421.1738160646414
415.0,148.0
-45.271603333713614,-124.25840780208983
69.35950297679665,-30.54801138041141
28.582045000356835,46.96993293790366
-232.88379501455194,-267.8675084345625
302.0,-384.0
38.378988835492436,454.2025633919076
-193.5881928020257,443.3775297898181
-463.2836787544051,-279.8545380541789
-73.42615715789842,62.439337069766395
20.649346746892313,90.86230542187594
242.24111013254725,-415.5235766093076
253.97818665453534,-469.3111729114262
224.44088435729805,465.0471309998572
287.4370285127533,-438.4536461537502
-61.22903542405119,-298.5435801926324
-275.5303199735243,-115.25700611893947
109.89355755385469,-22.964851647204735
-182.9312262918649,275.0278957511868
2.0,98.0
99.17826659848821,-13.036361863675893
54.0,40.0
-472.20140954275087,-176.9735742300259
-29.27405120582997,275.6605341677153
303.1707185379277,46.14782439462735
-108.26718606054747,42.84904811869545
12.924328642842736,487.63453206440465
487.0562276161959,-149.2290067302397
129.5055887206492,445.3516501489323
-40.06556834849023,76.84045271673463
-297.6610856792985,138.4307189136771
-206.14635986952794,-500.809970328825
279.29729193455796,-440.23777317442426
-34.717933176781045,248.98720786296974
-99.0,-14.0
-523.0,-422.0
-157.01635791580998,210.3508528900787
-43.00533982166286,-516.0391067643035
331.0,-340.0
-60.41856972024733,111.72226445712317
-169.85796422249533,-498.34802763667506
390.2332250878825,312.7775888964359
-33.462516816493995,457.5503488587332
-18.976472347780778,65.7969047043834
-494.030024738789,178.11432260759992
2.450292972689846,-498.61123039056224
-99.1689403656662,-10.860031290789065
121.6873105209014,224.65481873182614
-81.3396528560476,256.23582002325213
188.40170416450928,-470.7162242612013
472.18321806168933,-14.99293243644727
326.55097510797606,362.2725807774283
-131.8001215474233,-304.79233438001353
-308.4448339062245,-6.664089792313605
-511.4187351167316,-103.10312086807079
482.7550124065843,86.38880259151344
-503.80230550059235,66.88157667025378
210.58786277787027,-481.8462365141626
-520.4127173287694,-114.17842061332775
405.45873352895603,196.60994956415175
277.15134092779215,19.65630993673262
-283.9736362072868,360.78403677928077
-95.77218758519098,-3.055220703396934
-452.6806784558195,255.11153168882208
285.4514066894607,355.8777891559063
484.75809852550367,28.17883332909308
354.0,517.0
124.0,452.0
493.0,-107.0
-292.31372122196603,126.1707983894045
243.50181751389044,386.1896289177755
34.503371666294015,-91.2335837382928
474.7463175481301,-59.28191880093557
-541.7792599641541,-17.789270183248902
-276.26815325171026,-477.50829447957915
80.3283249616553,494.5575439320525
24.57285827092546,277.8940671631172
-248.4894569778608,-222.01997255126386
-171.81057749283096,-303.7400661750176
-131.75933780713552,258.01225131394006
39.0,163.0
10.549946572678447,61.29306735146817
442.11752698732425,256.39522841293666
-105.55696448914756,41.84864934249616
-117.80154840617483,27.268579594266413
363.26762734458885,282.0407040427566
-314.0615629937788,-422.1027054716171
498.96011316118967,3.5371586707537617
-258.2705188387415,-212.28738829995388
397.7713692290594,213.02308840568588
-113.95465171718598,-6.375847291096642
-122.0,468.0
-226.69264166058795,191.33042472586123
-517.7634535407377,106.10334345590348
292.2972996632727,53.026951322509426
-321.5773833783224,-411.77983271631
-599.0,400.0
216.0892625287754,-223.37815003575892
-119.33037239721759,-90.34542671859789
-208.53438103385267,235.73245697126848
-186.0,154.0
73.93551919631655,-513.9363549438968
280.4813501776437,-411.2326528248886
-86.0,328.0
398.0,-96.0
-428.09627248975187,-263.32214567629603
-57.48134150358858,71.33883076997557
424.4652049874798,179.21020696786334
-489.5728195374058,254.98053819001183
-460.7541653652565,245.12748939598674
421.0,-268.0
-124.98088071808829,-23.007082253394916
-464.5495033044062,210.30942262603335
-58.0,-446.0
487.2532670188956,-113.08541376284465
-96.76642206698249,-40.794164332538
-109.64996415549307,-304.6060052802504
-115.98936722844238,250.1045177096706
-145.9304751058444,204.75604592687424
415.9565393706263,191.56505352676012
141.91982161007525,-257.8411439120338
464.52825240538743,-44.33556559348271
109.0,534.0
-406.56184164294274,278.81173175775456
11.364735797491187,-506.4281719106469
205.99703905896405,121.64306924754668
270.7357843346887,-168.7942616935858
-154.41072280625454,479.914990273927
217.4914013660815,417.91973803742326
-508.95453024689186,60.9513351698036
229.87549082409544,369.50179468919083
-276.0,85.0
-70.70047035126451,-116.57170300748706
-547.9746757739518,20.856078205970494
298.43519410623645,-6.823538160206409
93.2470230589996,238.5471791169987
73.76672433978925,-302.83246178962463
217.93646085985952,406.25923280918613
-264.8756502728603,385.9803939918674
-414.2228606336318,183.9809537230112
-102.73097896503359,234.40460336755075
-163.0865925765971,240.98379612783398
96.24105721457659,-9.146641373213981
166.51593973457534,486.5529466027215
332.08339511380257,344.3568466484886
-541.4635417207492,-14.695575636078953
472.48860994731945,-35.127890719173706
275.5701610993815,-421.0480812275635
-312.7138229625,368.4029420738012
226.87233697446771,135.03975714853425
513.264451892623,13.988997584780542
-143.36533215848638,-311.7852173136583
-388.857218886707,-352.7539955064662
-530.9000219116961,-117.37229594847096
-306.3090265661994,-434.78151390135093
-296.7703559840739,370.9908358925835
-186.14900157997238,263.19359587868195
110.0,324.0
-252.95615996339592,-216.5352688727719
-495.2800924599116,-114.77841165562486
-8.040477447450584,455.46552162011506
-529.3826426430859,-46.943360468447985
72.82539025613532,22.547206034694455
-191.7126774411028,183.60823063703128
-94.22914586090772,-31.06230801794638
-437.0,-144.0
263.9134881504666,90.90668711677915
55.1719197172616,-116.10302299525563
-160.9392733108281,193.97347279025595
-96.99714449677077,-517.5477684233342
-449.1667464727561,-211.12964230841462
-397.0,-30.0
55.007310306334034,-70.77707251078529
369.7359954931378,-350.1788341601491
484.5328559370785,-125.9075019144836
472.3094683378674,-25.636120217839935
218.4008907124374,-174.62082247589362
72.94688056304645,42.06374731049284
-551.6677955349646,59.52857487373029
464.1094339037998,101.66099763291763
217.97727594775097,153.9722998525986
294.184027793861,54.91807117853758
-79.87398200477134,6.101026273736565
-323.5103069778836,38.581989349387854
-264.0,-485.0
-248.85731181828584,-242.3855341703378
376.7912350104882,282.45192903164605
428.0,147.0
260.635083907787,166.53128903862734
86.0830755792462,267.89332187768537
301.0504626496556,361.12550102947546
78.10002397407514,459.26080322208736
291.36078714675074,-71.60522483022456
-465.0,-535.0
-87.45619828554538,-73.70413121573561
109.01306997060827,-274.5388531746064
457.33548456629035,-226.81112554177153
-78.64639027335056,268.10435498130767
-448.8357656063404,206.29610061063536
182.14680910291395,-257.6401205372738
-425.56600424459475,-352.51812053129765
-132.0,-401.0
-75.0,466.0
198.58780001621227,117.4191463938057
402.3583408074573,233.82997748814483
263.0,256.0
18.0,-48.0
65.864420827566,-303.2227178470117
-134.31561422626652,-121.23983218520749
190.123639634553,-423.3834060170676
-70.68167467763426,288.3310924597057
-65.66548565550403,274.132342846751
-333.2295651696507,390.05355012917545
-329.4011987229393,-23.30936017629469
22.293785829038985,-137.53624473051403
-13.669283128768697,-347.1195096776245
393.5610165500411,-334.04017480392315
96.4161079441833,-69.03777221453208
62.487095947787935,-44.23658239278251
-492.6938145953063,-151.50609456300967
-280.0,-347.0
-176.87848133902202,212.8614863001755
-280.39832819879507,-170.70141637294202
440.9509415544741,224.09023295124737
-165.89191234765252,-488.6031581716293
-194.1467799574182,455.7337375316277
452.41368012820357,152.67652761545452
140.61611058231,451.4688404648417
-217.0,-377.0
490.0,-27.0
176.73707439941361,-235.1847370963886
-446.0,432.0
-287.3431123545973,-58.541299214236105
440.87614048694263,173.847106172253
-0.9478506974263929,-528.9753928065675
-544.0503101783162,49.07939631135255
-451.0512432394898,270.94311377982785
-39.67086506762185,273.88591565516754
30.248076954126986,2.7957585177206408
409.5231783739748,-304.01523771804847
36.07648585790809,35.88372548428035
-87.778635890989,-88.94432157172767
-312.9655666205772,80.31178941859864
74.62029882833573,51.86138851456363
-514.1093609885057,-32.35767021010575
114.98325759530599,481.91740047438117
78.53653737714288,36.935039738845546
272.0404612770967,60.22238856034818
40.31959617213593,483.0523390985613
61.57149034185131,-125.0555944019958
-368.9770427238852,314.6350018131415
-261.8845552764861,442.2536084122173
298.8201105146612,14.709736545102341
-120.93456010321732,454.3784262791431
-183.07214889361526,-259.0415097107511
488.0,-306.0
182.24765938278466,-232.81430229512978
457.90043885145815,228.01593791967602
188.98581336355085,-209.78150192262027
513.6347792242923,-30.56219924893294
-236.44663302881216,156.39610336963437
256.2969859402069,134.57297136088576
71.58504079563544,31.212204753326
22.09460915417666,52.74846005681705
184.2661378094046,447.55718170367146
457.34831740762206,-65.99261365755959
-304.99791932003336,-125.52038307317741
322.41395679572133,367.3707185140944
126.5234682527907,422.99987517886296
-403.0,-230.0
-360.4182208013175,-368.5612902053965
155.3371874112982,246.02189894147347
-433.0,414.0
465.79876974251505,100.18376038330769
410.6330367910001,180.13360960879714
476.36302550170285,-157.29495719199602
-3.0,401.0
27.56175504809371,483.8741024906199
238.7579059212602,147.58028717553213
-1.6145209148795345,86.6742711781059
79.14868493358267,267.5009217216927
-228.99019994625436,-192.91915459966083
594.0,297.0
341.00178423919834,324.18871131854763
11.912638188720267,-316.8987188359396
-509.39575708656184,105.13551388785736
-67.1641895357155,-93.60709083063674
187.0,236.0
-490.0,19.0
44.71658365454087,-526.7459791263846
-317.30161981762564,-2.516570646352541
488.7208095530431,72.70475993741381
291.9736980378183,333.9017471552424
439.70958053433816,-90.16565390534291
271.0367739301577,428.3262566045007
-322.47445120819793,-418.6106731263189
-246.53604092390813,435.97057850571366
-504.6192215315285,-19.552135696469236
457.0460483501568,75.67150036626643
454.99286900016386,148.83181045056904
-180.27751446734726,-281.19955135903984
-442.4398920099289,297.59022634386605
367.4231382532186,328.48185184887615
-44.53047350361332,485.78045749426144
214.03675781379766,422.44518404811447
102.84201380355402,282.8389677195051
124.56310404341642,-491.0342623641107
264.4570406021002,145.51433298406596
119.61381022034941,247.5942324306364
7.902960089988362,-147.63530021440667
290.0,-57.0
83.51764302706951,260.7986641911262
-62.43529068062016,-323.5830671394305
456.8268533093889,-105.87949617524986
268.85186216144206,66.73425341700073
-84.293229111913,-109.89603273824135
-476.3628369374946,89.84844257018682
23.36803792143848,96.53479034523359
-521.2082965774389,-61.55703107672673
-314.50503142941295,17.74434630811249
185.0,-312.0
28.77064055836787,-321.85813175216254
250.1411352033739,330.1430103469951
296.300866578759,378.28795240929026
-505.4245146615855,190.23775762094306
-5.644975986451296,479.24564901492647
-190.49173405340235,210.20269034768967
-32.876315535557886,96.34116018851273
-340.0,27.0
-182.0,-8.0
-438.00198796532374,-267.60280386907016
23.0,127.0
-135.25726747949435,256.4393904239173
251.57226414876644,-94.37627860391461
314.16524665259715,-402.2233995827218
106.32031121581903,-321.4349295167223
-298.68582216096,110.6085841402379
35.83892628571782,-305.46292634142213
-570.0,338.0
210.00595622537134,-188.05758405248102
271.7693799424661,-149.80859672647824
230.2059472060949,-249.6769028758857
-105.13741254385054,-331.3827522956079
-331.8677684709377,-401.4236353288437
137.20075720583606,217.20280145334146
141.1008355509219,264.4604229353896
-126.09097282992396,278.912854440355
-416.6523458687868,-330.96963209443294
219.96084533039505,-394.7893766758184
-268.4681804311421,88.66238923152011
256.7557411404562,113.52139744966604
17.190160367702106,279.4572779635028
-175.49988426560054,-302.5470529663067
-488.4399500052673,-115.35743622897543
-299.50311119029124,-48.51167251485638
-519.5427227776735,-156.72113130027552
170.00467268971164,-216.68061480252214
26.39665441853927,-549.391463782478
-88.0,456.0
-264.25234166241137,437.7028823475628
-260.57696530920975,150.55357860331864
151.78992835639914,174.30361210326598
-212.0,161.0
188.02926162848223,197.56570475179217
133.37195030982747,214.50029747134005
-24.893487142137793,54.01323613691889
-490.5605326052241,85.95741358191155
-91.28413326505628,-157.98521851906975
174.49321541644397,160.78189555048954
424.33919414442374,212.74107031545114
101.60712456472206,429.15976100344915
210.91605867999766,439.254136692014
-236.579566406,-185.79462960804835
-210.74434115665517,216.1907377033486
-114.35477447399981,24.796370590079
-101.56457845998794,-12.934083445672393
238.56573673923663,-170.88716197913033
-67.32434892203383,-118.23325596623536
-86.56835325392053,-114.24771669251167
-460.4481398985231,241.58346603930653
132.0,537.0
221.80951958282105,-160.79132837836246
59.731706921007046,259.2805477558073
-343.49358197410066,-100.76359921876843
-340.5351923893903,5.440623777038105
359.9961606874484,324.92244464700906
48.978935322407665,-518.9701116187263
-40.34025924345973,-497.77372227853243
53.324003220560776,268.5404699792431
-19.48799387907865,-292.32006432559007
-75.55125234609692,55.664288441670536
24.4667312787706,291.5735186492523
-179.56060081155312,472.7603040046962
321.0,-473.0
160.28101491513317,265.13620039410296
267.8004506989293,-37.93881529750633
165.82698405758552,-436.90683436257524
393.3408537107542,-288.667805694256
-92.29626296831354,-38.89488192498105
235.33850214077933,-39.7590291792106
-124.793985769534,488.92879464428586
-15.840545280019168,65.27362406544277
-211.35918155521978,223.62593401264897
582.0,64.0
-96.86054233180968,227.27601323678834
-40.618281014809824,70.77844201523702
69.13949688468892,-33.2361776392595
-436.88427767767064,248.11565277063795
448.96417925329206,-240.56754589245782
220.65244523249214,390.37970615665813
-301.64840088785616,-57.242097134799764
-168.69059260799207,224.67786772044101
-209.81105621756336,-476.78157737225246
473.50675204938057,-187.24238150097023
-206.0,578.0
-445.0,-424.0
204.76648208050696,-475.98556035071175
485.70787846868376,-182.12962098049618
60.07870231433499,70.20903248266927
-118.49862161733604,-60.72179092909222
-490.0,89.0
-329.79749923960054,-101.63829126604944
271.90181333125685,-110.76437129087522
-60.0,135.0
20.761337137857055,297.5436165182231
225.5414675697075,421.846770310256
-44.92385510442712,73.53286430549961
-497.0,-371.0
-94.57718636430985,274.8143293851353
-133.96396225751843,34.312742240637036
465.4343105141437,-120.35136715086803
-43.8064458612623,101.06523777834005
-247.39184919002582,197.12617238091394
473.9438013384646,-199.97259517162394
432.75291982215106,82.5390165899759
61.55239452763611,63.029851822738124
106.51008238362084,485.1709735928035
177.50031902373138,435.6930897347348
230.9339058620101,-147.10559629594468
74.27556420853568,484.8301560318298
-496.0910804386113,132.33306236413847
482.0,-262.0
-162.8939210729863,-545.4255150463085
348.0,-49.0
-490.5617486369374,108.76344769575165
-87.80185809257121,-118.83392467676055
-48.56691733274608,75.88299028820866
-277.05104847568515,118.63373590042724
43.82440601741587,468.46567798658685
-482.26085206387773,206.32866743960298
106.11199893272601,461.2631764622267
-50.755243958150224,62.78347833765386
378.964505451076,190.90744337866056
-67.52260549352852,-548.6558414837806
360.0,-363.0
-223.78700633603927,478.26038798852886
-117.01800889205234,473.6134048464808
433.1085091866571,157.21968401028417
-17.148462460569732,50.76803054449086
-95.77642409654563,-29.689041849508364
368.7897971673486,-358.3317485846437
171.55303652755163,217.85637727503882
-471.20006205396584,270.451172548387
-286.48977383486084,28.034629869063608
446.36714943503955,131.92575623064408
30.966313741476018,60.65037510283247
-337.2376789222915,-151.63282184950498
-486.60340580536007,165.16678929528715
439.6848721082144,234.25722390306035
-25.19520167052146,-338.0512547097817
421.40942842308743,-251.02868720921714
335.3110941893537,294.502287127625
-64.69705001068837,295.6589583768727
514.1374711714656,-68.35411823682378
402.0,-265.0
-490.1624830795021,-115.42310577963977
-32.91772920205749,-512.104492205651
-110.02048857851318,291.8534602217359
97.70464721647284,-258.2536088496687
-233.4990058040838,460.51566674763546
205.04950338745516,450.99689747207674
-252.7119929970776,-435.24602795923573
-134.18693295934844,-319.405725803469
280.5752030292722,-411.5555886570077
-462.0449063540752,247.14106744734346
276.6812134720827,358.23271031652024
450.1851266559619,227.45789746057736
-361.73677546463693,349.6305413252201
-54.441030647545745,-90.69909702104492
92.37658256885015,-31.76908372511667
-349.17554060012446,-385.31578156557117
-85.23858594745329,472.05019577891426
-300.0,492.0
-326.98256838190525,371.4369527915007
-13.063728948653194,82.1051354848509
-578.0,-276.0
-312.12613988901154,-103.04817699680078
-58.30782605637347,38.013278006689255
-513.0,2.0
-233.94309345387478,232.09302523081206
-256.1429949461884,113.1097174520451
-49.727616857371174,476.8674591858799
24.946216443981832,94.66340122275703
-123.80525584622235,-2.6629773314726357
-53.36380995784744,-140.75921394489845
245.44164299418185,56.874857779224904
2.119926864040835,-91.38226225889073
-164.6416776629119,237.69666550109355
-306.8318493285236,-393.85688178777644
459.51303633607887,115.68009668936637
-146.50499467641157,454.6005121802004
-518.4638925757876,151.1185257185012
-312.47000419561004,408.87185872441654
-472.61092590916,-235.9240273542704
201.0,-345.0
147.0,-463.0
83.10359094209336,278.48122051667195
359.0,-397.0
-464.18653488033794,164.98359658419156
53.12878052235052,64.3002162278612
-254.5042093515449,108.07367731250928
-297.8256078288247,408.678666246626
-25.862210564268725,-318.72401488973935
50.81657664403962,-274.48481350886414
-142.60893868476396,217.70652895168243
-146.27106205296008,213.43706700537075
344.3961162294181,-334.13164819397934
-339.76307487772453,-101.90066242966812
-231.13731788502133,-223.16637686529162
-103.36282860351696,-10.599431294018014
441.6205678785681,-196.0822064074684
-122.1222504962236,463.59849587263454
-368.44737674032433,5.174681228912612
102.09464047344716,282.9867671087288
-470.0,24.0
-122.0,-200.0
19.0,-589.0
-114.24010247599068,64.0982633929334
-327.45914254462855,48.3667428131621
-492.9063785436106,164.44513078022047
262.06653868677586,75.46646800517641
-165.5778123032199,242.1528215087023
158.36900831895235,440.17551632105085
-163.07426512055403,458.64175574345023
190.0905475037839,188.59961992554418
225.44040432919616,131.89869064770903
143.7598368964952,223.436371864087
-460.25803203352257,229.65475319035872
345.0,266.0
266.3118151750584,100.75626676700838
-22.758589792374423,88.1905547240159
369.14042667489525,-316.96866367045254
-82.29590090652584,298.7873545800122
-485.0,-29.0
-44.4561881043351,-325.7502893234866
235.11863423426843,412.11312972030436
-452.68272692925314,-188.59204934278046
10.62340233132742,82.00041771886552
405.7246014330089,-286.6169702106958
-34.008123953306225,-151.42025262276863
-107.66586243278667,-7.635146935147237
270.07122326481783,-146.65184431072575
407.0,34.0
369.1538141287491,348.25666085788345
-220.56996904272953,167.14243251293632
-392.0272210318348,341.5325941927498
487.31523390465725,34.54023525376651
-149.3062008661402,483.94232174255075
77.11794033087352,-511.9739498113329
-44.85036203216296,-275.5684592276032
138.05595878980927,471.7047838526965
-313.8673846567646,-57.284893711725864
292.76458602447195,121.04491463102573
-579.0,280.0
465.4780443105254,52.199598531147444
400.8960394078099,286.35744085660116
341.0,376.0
297.6497654418978,-30.165115118073757
-88.54983079321843,36.36198870256584
208.67785065914168,41.6982492536011
-89.7106125243144,44.027892558397674
36.82903173565295,-533.0547184622425
-102.10643180714963,-7.383688914711911
-424.47867765705263,302.1266556496355
-480.7041116008652,150.6883693780288
215.0,557.0
-75.57381343779971,262.78454838987716
132.38818484982747,-530.7822326627497
-266.4960175095652,42.354468348105485
263.32637138098545,0.5736460328656605
22.125874236468814,280.1989563724351
-119.31548383127759,-13.16209772466864
-544.0,-559.0
-197.74479024413202,-471.28446690109354
-535.8064780567231,-0.0763392649983885
48.295218516453616,39.99307570679885
370.2609188541318,-328.0179721628208
-325.0987890342086,45.381925074656266
25.190935629690316,36.69488015480817
424.30414227589495,214.2090441325932
315.1830047449043,-413.45548804981905
97.70191742039734,253.7917127946719
455.276997013498,-139.84204532046877
-81.20436054722536,41.50314514332945
91.52523987888003,4.665635825522237
-459.0,-241.0
275.2264996461691,-90.82612903144398
-507.57982819345943,43.0251435708853
85.00185538715601,451.21951892640595
-222.59226614317197,201.06110522196934
481.7495592946593,-72.5058310932319
-228.73463894075584,196.65533346625838
17.699151837206422,481.38788237993106
-508.13767220335643,57.083630310740425
475.0614912467482,-97.27651827052901
19.363976320640667,-317.1823441887834
42.0,-414.0
-142.58089465411717,-507.57615736780235
-329.2572819143859,-4.657149666702022
-28.172393721429366,-111.20559629808297
460.4969175230903,107.8470145068153
284.0,588.0
14.0,195.0
-469.7656918904766,-277.2776114078599
-320.0647801396295,46.86730059877263
-272.0229368817538,-436.2707505119605
-123.0,264.0
-274.7400150337936,-165.99763613047435
-1.1803015958163918,456.533002700732
66.0151453871242,-40.346645218453716
60.67372880764478,270.453020627821
287.47904049375313,102.57171779453839
-284.16249812353215,-141.9993604092926
-322.31776306557117,11.259195581834085
-175.83960099401781,-496.4203218708251
-158.05672818945558,241.76747116315627
-79.57084154145497,293.08771686000944
88.14613891565557,-128.14042488348747
-520.4472161815769,-172.46996185775984
-196.0,-246.0
124.0,325.0
-511.26241348943364,-110.47040491486172
-547.0,26.0
392.8800880308817,-292.22646244584575
277.26658481385886,28.535821844009185
-222.11977130068072,-506.4257768301858
-348.6142654410686,-3.641573259917493
292.1378963179728,376.2544780009199
-333.607719909759,-40.03123963684956
400.93657085826646,215.26477935775875
427.1905417430985,-116.30212457080032
21.757826144228062,501.40749457334005
-178.70628703058037,253.7603331074396
-98.11083895461708,15.258691679078112
180.3011732782862,221.12215978015087
303.8033105123546,-406.1845336811717
-264.9677735794023,-181.6353208327961
96.7536820780784,46.700690453658076
-280.0707182904873,-137.44418586320518
-3.0,576.0
-107.32433101034133,266.83025987866444
-191.7396948553922,241.0326534434857
-68.64752121132577,-338.59256936456165
314.6527456617043,-70.43568153908606
200.90983998149244,-169.48812820053007
-473.01985557067627,183.6253830913039
-285.0883880952704,-433.8627039776127
-186.55545649640612,-491.71432542155793
107.55534173159538,429.8912379922166
58.85732573843168,-126.19093475394676
-378.82437465272574,344.02482084099705
-503.2346330872884,-188.58268745410098
258.67542690187685,54.33094609679972
-84.49633204758808,253.5639912280892
94.38274886333552,-497.568890198266
-320.568793978514,347.9901589835702
-185.75731869309158,217.27353992212716
-113.70206086576843,6.432321772407974
-513.3746162664333,-63.043508711973615
-330.8716139164148,121.08964472858469
-182.1136569354161,233.41120990258787
407.2645757946904,246.5880679078052
98.28101923526452,-12.302215612362179
-308.92917288903624,108.36312071422745
-234.0436597213702,-454.2315725324295
-110.38815829209982,-11.036222471496181
-188.7538828051252,424.3276431920057
146.9761156040496,-489.38007646842027
508.0,-456.0
-43.02565409591814,71.1063712139579
-334.0,204.0
-258.4045924721208,-461.0788951815639
310.0,-151.0
273.5614605886877,9.594536633616794
125.31924162226761,444.73740639336
338.47499694284033,303.82895760499764
-201.5553338313458,191.9386522993546
421.9869287430578,227.7955452831372
-322.7977433113043,-75.62026237151252
395.74185380895574,258.0307723327076
302.706820684186,345.8484536450699
-171.86700076896662,-253.60353866167304
10.685420062392147,467.7304408154224
172.97887406393858,206.66890888803087
-384.8506539758755,-372.6301978245262
406.01040327637696,-368.27211298867064
208.50252630075084,175.6823169535474
-334.9077351459019,-21.561580587824857
-471.29126920248177,142.18428772661684
-257.50414391278713,420.0211349677322
-482.3581461697761,-225.47912311139558
-28.20153252722983,257.52387110033806
9.0,-192.0
-219.13710336131385,256.121805239346
88.34242174717946,491.24653540293207
286.11887978394236,-13.62709561497812
55.0,-211.0
490.22489502846537,-8.380926190669381
472.8354738213295,62.747956416389094
-156.0,130.0
54.70742347089614,42.546036501297166
-123.73938179759506,275.2686835214261
-527.3858131271959,-6.163501126370971
-468.5920487227017,148.35098137022155
-305.0,-324.0
-186.96727316811646,280.22001752145866
452.4471075762119,-108.09613552384644
-206.780594051791,450.89823521966775
-528.9357406015655,-80.5918111196055
-423.79364317884216,215.03265762011705
485.9155676197138,40.180348859242415
-131.6588005988039,-72.54987082133172
-139.27614971175544,477.30438087860097
-545.7581260970104,-85.60652471210499
-20.983461059790898,292.2471864532414
-432.1588989245446,240.94599059235452
-463.79979221028736,-242.86023195454808
-141.05102060737545,-1.9730812874773092
-127.87717207952038,230.60064786072934
385.6324335208933,297.5704249459297
-405.8849735992461,313.9308131760835
-123.15525803860875,461.0662131527318
392.0,479.0
159.8844621067978,112.76207790422211
512.6560198580054,-80.87661088214901
-487.52535866538824,-212.41153997775325
33.88577865300698,-116.16318170198599
292.4018201089969,-53.33252753231298
-312.1046444875552,53.33537586805005
-508.6331746212192,21.957891792217715
369.2396109994343,277.111592412447
233.4136123888984,405.899383079964
-92.8202669081015,38.31234363177379
-459.3704524639278,-330.6208083264328
108.0537104199022,216.15626825550947
58.390824597462384,-508.80506441376554
-331.199057294624,380.8981810891595
-284.93982995172445,421.495453402166
-290.2311998417863,8.990456891856606
-238.13091752862056,-211.49008843708688
-483.41041442405253,153.44037183100437
-261.91064343956435,216.09600100114704
67.05765036862607,254.66559902530983
208.69870583376883,-499.8727329358229
-404.4580738033027,334.3468654277589
457.27980380160875,-176.42877073676135
518.0,418.0
-47.49842663576264,275.8228011660859
158.32638462647117,434.4764709615182
514.0,533.0
-483.3590714103425,219.63952010377446
-281.19151963060375,123.27435197203536
163.2511716730384,-323.1405119412555
264.0053717313811,101.05387851179424
59.74049990016682,47.835556334150766
402.69267459580203,203.1722210960075
-66.59185795512182,-113.84651023866056
282.35447709107865,34.68247560708828
425.0,255.0
42.769601263413556,-37.61558730544102
-189.5334802319504,437.68615318103446
-362.7816769044007,-406.5078362782915
261.7974622998688,373.5950154218563
170.91282078966606,465.77289791557166
-497.0,352.0
459.1473909077601,-78.39726261365361
-381.8245545759131,-395.12815542291395
126.0,571.0
73.714155314578,-95.292521411374
58.104996982162405,-561.989429550075
476.35555575572016,115.62175446885124
149.07153450067676,496.3603276860182
-245.0,-336.0
-19.0,-521.0
-315.02890619545184,-71.21830154564121
226.3215196288676,90.16029024571137
136.18326501416894,-502.5096272549352
127.04345519176943,225.96081339495808
-102.73506229288198,257.1922186293707
373.172744232788,288.01922320380976
-276.19970387142166,387.6391946070455
98.0,-362.0
-56.211147361921995,57.00502884757326
291.3120457610774,-132.9705077684804
378.73452985415804,-317.72161661776545
344.7177095987072,-356.1840593716372
-534.9217526571108,157.62109785119728
504.6470234513565,33.243741045881976
6.4995801037929155,305.2725309780746
-390.0,-468.0
-32.843745166270786,63.20991377787037
-110.87321029340812,13.767568090416297
-309.54713275245206,93.5013792371242
162.37531138302214,-276.03017585436936
-320.04688571712376,-4.04245365577092
-86.88874341542757,298.6075832876877
-385.0,17.0
-326.36426630446465,-137.94431134883848
-254.04798900402653,-134.72232624347134
-320.48239451854295,-57.044290940200526
81.0,-140.0
23.256383612974656,-118.89975508375667
-204.52761600540512,-450.23240110402514
-158.32438243373664,-280.26619438028035
211.0,-121.0
-238.99478857375905,431.97837929152087
277.0137846923209,-390.04999740216476
436.3359917492659,162.35400946250888
34.89593758212247,31.956841737650635
488.25629661117534,123.0561235375134
-137.5746753779182,474.9870326581731
299.3988886176917,331.52959896085713
367.9972524213414,-352.0514021973313
-95.42555055841439,45.116122413564966
90.36183077160763,15.224860337838672
187.43734114909054,-463.41999856104684
238.42669693674404,-132.25479055603495
-160.70833669022196,453.69548862791504
-296.2620792354068,-159.06697799436992
-94.23606257274776,274.9783362906032
61.03807942804554,-291.36522215059586
202.21946544123372,449.9559038861368
-180.65818408056754,-282.68873604445844
22.542480032859135,-103.37145472689795
-152.23877231774532,-40.8448601236548
-229.88436602529518,-450.24853841099105
-51.826614288784384,-128.54515457210096
-101.55649419025025,292.9603339421922
122.0,581.0
-258.44711872332226,166.9713991580735
-299.50895076687925,135.52138649355024
-308.50289960601776,-425.5612231788648
46.00817492069463,485.3358393731475
13.123236949486476,253.53464592809314
-169.61649790797566,474.69794759835366
-387.8286005622564,-343.4651834426737
-69.50323377927558,74.34933852109724
-67.85366922117274,39.68513338305554
-110.45212642400645,454.80256613333836
-99.25879269104223,486.53064924010874
133.13773045363047,223.21534885534874
437.66433074720726,218.29279826821568
459.6384112642161,-180.63349067727853
233.37222257801523,402.76297419904444
-112.63259802508618,456.11811482095106
125.59510053563996,-275.14840103262566
-180.53933883432578,455.80381384086945
-453.8538709796614,187.22642877523666
515.7508183409832,65.70834292235185
-113.89402867070086,273.692014975837
36.644587594735235,101.83731453935911
332.39210097815624,-385.6037408301758
-270.34508193803447,-467.4254167822605
-363.16917016209214,-360.6524557245974
-520.0535086164895,27.651375422731086
-54.80431931940713,-88.60849119916891
40.91950353673309,-97.03862468881081
485.0977089644699,0.6261391952162221
-438.0434387643988,258.3303790699716
-74.94592350956358,482.3480152438968
544.0,465.0
101.82879000159397,-111.48012739259782
-86.81439499883383,465.66873595226946
-32.984271887794144,-495.61617552194826
-479.75328117549583,-144.45280560129868
253.22518774486016,384.37188460218874
124.6378060029773,230.95460827568553
396.8748144728141,-284.94453122993536
-310.6448278966252,52.4697128340963
204.18891475049728,-428.0457320216814
136.62055397152278,444.2217278950687
-422.55551555993907,-318.17379918410575
42.06951752739653,-509.0164466553169
-483.61184944420444,-205.52136121196116
-247.5894318234104,-230.2951061351412
60.21935754393745,477.54941202715105
452.95925128974795,9.806630180848657
320.69112449004695,340.60445461265886
-18.41779419869428,247.7405615735413
353.0,-118.0
-551.539533005226,-29.15126515039711
-248.29307721561554,-184.74586262578416
419.09009960239314,-235.0664976604753
56.07321697181628,-76.02916736110237
-390.0,-377.0
465.8108917439461,110.21742576150528
315.59501268838744,-393.19975087112954
-269.4170075047198,124.6468156582772
-499.16841067784594,-117.80420550054555
-74.85096569979945,288.4666167813538
14.039825807949672,272.7181116783054
-163.99408470419468,-501.2808094651797
9.833433280714111,-118.73834060514447
181.2778182991985,144.94737587005898
87.66046378420978,-483.8249325785255
455.3534385343471,-80.27066032676352
-0.3625388276218544,289.60085676987495
-3.897812267892636,320.7683659223379
244.0,-402.0
415.09372874910315,262.70584260789025
-134.61056954691793,495.99563333391217
-183.0,-83.0
-49.06841532664505,-509.67851563375433
46.920647581759084,-98.60407538845271
470.852224441767,36.16054985040209
-418.0,552.0
-338.6138971342392,-14.649577539142932
-63.3601150945921,-77.76356634980137
371.1942525431344,-341.37961445529385
-29.75578725192835,-489.2105823011312
105.13668157398823,247.92174769530732
-91.98135196439907,464.0846221330531
101.07479556186165,-300.19580816723675
117.82666061702054,-266.7643788818274
474.0830929178418,113.46678238089865
443.0,432.0
-393.3546002076905,333.88477965587845
464.0121904126402,46.84591660792193
-75.12436620914754,37.32529602029966
297.9784345760421,-2.01293706541635
-236.31712944145286,166.70278984599375
-342.3573709128317,14.20972187236653
151.48503098511213,235.89700272895513
61.39849534983818,484.5829586588742
-318.0,-239.0
293.6589363425228,46.74181479469314
329.0,-234.0
428.95450275277267,-191.0757531464253
-482.2882546082733,78.31644953462903
-6.794726133895179,111.3122231516634
-529.0,-426.0
-129.2378646249618,-0.19413481640532027
-90.22178227958315,72.8230901339973
513.7145546062856,38.08176286910357
-187.99345996343166,228.23387736687408
82.0,-397.0
-461.55489273304505,-297.299715583786
510.3771628876643,-0.8473231623777622
319.0820533856179,-356.524460422826
58.22800299717038,-18.331001752344218
-27.29181023715516,263.7980792335997
365.8704503297697,-270.2534759015377
411.0,-519.0
-348.0,115.0
-181.0,524.0
173.06344228213484,-479.83194676899916
-213.07053410877364,-210.29925596630437
-262.78642728022754,170.87282160911948
-17.76346316815699,63.094006704123885
104.46730321652156,435.3996158375576
188.6751081804838,-258.98996919623073
-56.97831426708323,475.55408117328085
45.0,87.0
-51.34942048799571,283.4864465449365
-456.47711129593426,-223.66124615764005
-514.6870440530785,-86.40810219518464
412.391445657092,232.164044366162
-449.7876731229395,186.2482832731071
398.806874840178,290.0493598437518
275.76069022723004,-6.154874113366866
-517.2937159970007,-7.003828458290027
-289.50512158311005,-106.41806397205559
-333.14618698664714,28.807618202195048
-254.5333096379131,-214.64660034349595
163.5182166992699,-503.5717181121664
367.5579899235675,299.44295818120753
-175.12039793792547,-271.04633526616067
-73.43344193296318,481.4818318949653
282.49183554138955,19.614138491497712
123.95672232658981,471.18953400555785
388.91003442256243,284.19002067959923
485.1087993364177,123.16672513290767
93.4126027845805,499.0746932415538
-371.4635481894151,-410.5504659168141
387.0423517167358,294.12972661966705
28.069727420608466,-330.43291898461507
366.70854915885656,299.51573781725756
427.0,437.0
262.8923430510518,-91.22117385787004
524.0,392.0
-310.1559011657735,-133.40095674174486
-22.975044727577576,-317.7227623051952
272.4721020226195,-429.88220397899613
57.74759402778577,471.7595694955688
414.1496203665954,169.82170404216617
186.73662352987077,-483.73707550335075
-225.97737903619822,-220.70627041958173
453.52025274140266,117.67968935103286
228.1633719989523,127.19875355803117
-263.76456173314233,104.69743865631077
-8.987879865571724,477.0907874388195
-367.34328153725266,-355.51479332820514
438.7083194476699,204.03819075198098
-398.4531563906837,266.0960881072998
292.7343159726827,94.20229571303065
-110.5107830248384,36.64657462290896
314.0411466496843,404.9970806775833
-81.0,-544.0
-194.21765470685315,-479.3793946611518
-52.48148075315242,54.058540651904416
-197.21420639622892,-274.8914351557938
-182.1046438005735,-493.4239759721687
61.19896425671169,30.326405593615334
-307.23906113104914,19.989210452846223
-520.7968720133999,95.95107206645208
-468.48523386491047,180.01318404345594
32.15015890343112,-125.68384291637383
-83.97988030760592,-492.47217756478705
47.57821737751636,479.16906770228246
-11.552906961777643,100.06281418239465
